{"lr": 0.0008, "data_time": 0.007287445068359375, "loss": 35.09740074157715, "decode.loss_mask_0": 0.6335947197675705, "decode.loss_dice_0": 1.9695025324821471, "decode.loss_dice_pos_0": 0.3964784938097, "decode.loss_cls_1": 0.1934329302608967, "decode.loss_mask_1": 1.9016143772006036, "decode.loss_dice_1": 1.995632266998291, "decode.loss_dice_pos_1": 0.39813681662082673, "decode.loss_cls_2": 0.206020817309618, "decode.loss_mask_2": 2.999909801110625, "decode.loss_dice_2": 1.9904703831672668, "decode.loss_dice_pos_2": 0.39842948496341707, "decode.loss_cls_3": 0.30884584814310073, "decode.loss_mask_3": 1.956008439809084, "decode.loss_dice_3": 1.9948045492172242, "decode.loss_dice_pos_3": 0.39623650908470154, "decode.loss_cls_4": 0.25698951840400697, "decode.loss_mask_4": 2.1225593746453524, "decode.loss_dice_4": 1.9939754986763, "decode.loss_dice_pos_4": 0.3986260509490967, "decode.loss_cls_5": 0.21511463195085526, "decode.loss_mask_5": 2.5888660065829754, "decode.loss_dice_5": 1.9908313465118408, "decode.loss_dice_pos_5": 0.39697639107704163, "decode.loss_cls_6": 0.1962588410079479, "decode.loss_mask_6": 2.0696582816541196, "decode.loss_dice_6": 1.994207479953766, "decode.loss_dice_pos_6": 0.3984727668762207, "decode.loss_ce": 1.8426013040542601, "decode.loss_lovasz": 0.893146321773529, "time": 0.4523026943206787, "epoch": 1, "iter": 50, "memory": 4314, "step": 50}
{"lr": 0.0008, "data_time": 0.002606348991394043, "loss": 22.567217903137205, "decode.loss_mask_0": 0.09717751272022725, "decode.loss_dice_0": 1.8980993390083314, "decode.loss_dice_pos_0": 0.38258615136146545, "decode.loss_cls_1": 0.10703604280948639, "decode.loss_mask_1": 0.5053059053421021, "decode.loss_dice_1": 1.9977562475204467, "decode.loss_dice_pos_1": 0.39385398209095, "decode.loss_cls_2": 0.10765739396214485, "decode.loss_mask_2": 0.5718377932906151, "decode.loss_dice_2": 1.997879045009613, "decode.loss_dice_pos_2": 0.39998785853385926, "decode.loss_cls_3": 0.10597868010401726, "decode.loss_mask_3": 0.5126355334371329, "decode.loss_dice_3": 1.9988417720794678, "decode.loss_dice_pos_3": 0.3947706323862076, "decode.loss_cls_4": 0.10755886569619179, "decode.loss_mask_4": 0.3567877672612667, "decode.loss_dice_4": 1.9940074634552003, "decode.loss_dice_pos_4": 0.3978202128410339, "decode.loss_cls_5": 0.10768757164478301, "decode.loss_mask_5": 0.4805629415810108, "decode.loss_dice_5": 1.9986961698532104, "decode.loss_dice_pos_5": 0.39484655141830444, "decode.loss_cls_6": 0.1067076352238655, "decode.loss_mask_6": 0.48402925215661524, "decode.loss_dice_6": 1.9968375992774963, "decode.loss_dice_pos_6": 0.39583939015865327, "decode.loss_ce": 1.4205039966106414, "decode.loss_lovasz": 0.8539297878742218, "time": 0.45553472995758054, "epoch": 1, "iter": 100, "memory": 4257, "step": 100}
{"lr": 0.0008, "data_time": 0.002533273696899414, "loss": 20.865651473999023, "decode.loss_mask_0": 0.09901984546333552, "decode.loss_dice_0": 1.8799153661727905, "decode.loss_dice_pos_0": 0.3758813178539276, "decode.loss_cls_1": 0.10378473535180092, "decode.loss_mask_1": 0.13250075913965703, "decode.loss_dice_1": 1.9700190663337707, "decode.loss_dice_pos_1": 0.3822684496641159, "decode.loss_cls_2": 0.10542683705687522, "decode.loss_mask_2": 0.3354181134700775, "decode.loss_dice_2": 1.9989740705490113, "decode.loss_dice_pos_2": 0.3999548292160034, "decode.loss_cls_3": 0.10557764962315559, "decode.loss_mask_3": 0.24539593975991011, "decode.loss_dice_3": 1.9924820351600647, "decode.loss_dice_pos_3": 0.3820982712507248, "decode.loss_cls_4": 0.10563789010047912, "decode.loss_mask_4": 0.10831239137798548, "decode.loss_dice_4": 1.9764812040328978, "decode.loss_dice_pos_4": 0.3863174194097519, "decode.loss_cls_5": 0.10979422748088837, "decode.loss_mask_5": 0.33510800458490847, "decode.loss_dice_5": 1.996395435333252, "decode.loss_dice_pos_5": 0.38914246022701265, "decode.loss_cls_6": 0.10609644427895545, "decode.loss_mask_6": 0.3269953090324998, "decode.loss_dice_6": 1.9886148428916932, "decode.loss_dice_pos_6": 0.3891518872976303, "decode.loss_ce": 1.301504077911377, "decode.loss_lovasz": 0.8373825824260712, "time": 0.4560849571228027, "epoch": 1, "iter": 150, "memory": 4312, "step": 150}
{"lr": 0.0008, "data_time": 0.0025128746032714844, "loss": 20.472119941711426, "decode.loss_mask_0": 0.1448793126270175, "decode.loss_dice_0": 1.84835604429245, "decode.loss_dice_pos_0": 0.3770737785100937, "decode.loss_cls_1": 0.10003099650144577, "decode.loss_mask_1": 0.10170348996296524, "decode.loss_dice_1": 1.967644555568695, "decode.loss_dice_pos_1": 0.38059895813465117, "decode.loss_cls_2": 0.10562884703278541, "decode.loss_mask_2": 0.10980099150910974, "decode.loss_dice_2": 1.9857266306877137, "decode.loss_dice_pos_2": 0.3862305009365082, "decode.loss_cls_3": 0.10605489164590835, "decode.loss_mask_3": 0.14304270392283797, "decode.loss_dice_3": 1.9752942657470702, "decode.loss_dice_pos_3": 0.381181138753891, "decode.loss_cls_4": 0.10586828500032425, "decode.loss_mask_4": 0.09156445862725376, "decode.loss_dice_4": 1.9702880597114563, "decode.loss_dice_pos_4": 0.38249546110630034, "decode.loss_cls_5": 0.106648258715868, "decode.loss_mask_5": 0.14525097830221056, "decode.loss_dice_5": 1.9766723489761353, "decode.loss_dice_pos_5": 0.38237560868263243, "decode.loss_cls_6": 0.10537251651287079, "decode.loss_mask_6": 0.5366912999749184, "decode.loss_dice_6": 1.9999999976158143, "decode.loss_dice_pos_6": 0.399989657998085, "decode.loss_ce": 1.3291770279407502, "decode.loss_lovasz": 0.826479572057724, "time": 0.44663458347320556, "epoch": 1, "iter": 200, "memory": 4467, "step": 200}
{"lr": 0.0008, "data_time": 0.0024883699417114257, "loss": 20.69244998931885, "decode.loss_mask_0": 0.10887056909501552, "decode.loss_dice_0": 1.7875118374824523, "decode.loss_dice_pos_0": 0.3709280759096146, "decode.loss_cls_1": 0.09486769847571849, "decode.loss_mask_1": 0.4267998219281435, "decode.loss_dice_1": 1.9937746953964233, "decode.loss_dice_pos_1": 0.39075577616691587, "decode.loss_cls_2": 0.10742644116282463, "decode.loss_mask_2": 0.07132615376263857, "decode.loss_dice_2": 1.9683137583732604, "decode.loss_dice_pos_2": 0.37768642604351044, "decode.loss_cls_3": 0.10716561004519462, "decode.loss_mask_3": 0.19187966661527753, "decode.loss_dice_3": 1.980067162513733, "decode.loss_dice_pos_3": 0.37978992104530335, "decode.loss_cls_4": 0.1074902805685997, "decode.loss_mask_4": 0.26185063261538744, "decode.loss_dice_4": 1.989756348133087, "decode.loss_dice_pos_4": 0.39110120236873624, "decode.loss_cls_5": 0.10836276024580002, "decode.loss_mask_5": 0.3950928640365601, "decode.loss_dice_5": 1.9996326661109924, "decode.loss_dice_pos_5": 0.3915037626028061, "decode.loss_cls_6": 0.10725616067647933, "decode.loss_mask_6": 0.15121587993577124, "decode.loss_dice_6": 1.9889049220085144, "decode.loss_dice_pos_6": 0.38061259090900423, "decode.loss_ce": 1.2498862254619598, "decode.loss_lovasz": 0.812620016336441, "time": 0.44743349552154543, "epoch": 1, "iter": 250, "memory": 4172, "step": 250}
{"lr": 0.0008, "data_time": 0.0024617338180541993, "loss": 19.598496170043944, "decode.loss_mask_0": 0.0622740101069212, "decode.loss_dice_0": 1.687802484035492, "decode.loss_dice_pos_0": 0.3627419930696487, "decode.loss_cls_1": 0.09343072563409806, "decode.loss_mask_1": 0.28023918490856886, "decode.loss_dice_1": 1.9860989689826964, "decode.loss_dice_pos_1": 0.38856773912906645, "decode.loss_cls_2": 0.1064768336713314, "decode.loss_mask_2": 0.08138808906078339, "decode.loss_dice_2": 1.9467245936393738, "decode.loss_dice_pos_2": 0.38189701914787294, "decode.loss_cls_3": 0.10685237050056458, "decode.loss_mask_3": 0.1150523878633976, "decode.loss_dice_3": 1.98992840051651, "decode.loss_dice_pos_3": 0.381343919634819, "decode.loss_cls_4": 0.10760080128908157, "decode.loss_mask_4": 0.13762230575084686, "decode.loss_dice_4": 1.9951364421844482, "decode.loss_dice_pos_4": 0.37951078116893766, "decode.loss_cls_5": 0.10722819939255715, "decode.loss_mask_5": 0.1380749600753188,