{"lr": 0.0008, "data_time": 0.007286715507507324, "loss": 28.741159324645995, "decode.loss_mask_0": 0.3817287780344486, "decode.loss_dice_0": 1.944379484653473, "decode.loss_dice_pos_0": 0.3897304499149323, "decode.loss_cls_1": 0.14167405515909196, "decode.loss_mask_1": 0.8346788671612739, "decode.loss_dice_1": 1.99511887550354, "decode.loss_dice_pos_1": 0.3990433257818222, "decode.loss_cls_2": 0.1419577057659626, "decode.loss_mask_2": 1.865357773900032, "decode.loss_dice_2": 1.9926876163482665, "decode.loss_dice_pos_2": 0.39867759227752686, "decode.loss_cls_3": 0.16082452937960626, "decode.loss_mask_3": 1.7002479105442763, "decode.loss_dice_3": 1.9943436408042907, "decode.loss_dice_pos_3": 0.39916703999042513, "decode.loss_cls_4": 0.16802394300699233, "decode.loss_mask_4": 1.6232287329435349, "decode.loss_dice_4": 1.993473825454712, "decode.loss_dice_pos_4": 0.3993914765119553, "decode.loss_cls_5": 0.16505025461316108, "decode.loss_mask_5": 0.6235046610236168, "decode.loss_dice_5": 1.992429904937744, "decode.loss_dice_pos_5": 0.39906616747379303, "decode.loss_cls_6": 0.15533971965312957, "decode.loss_mask_6": 1.169132098853588, "decode.loss_dice_6": 1.9958511686325073, "decode.loss_dice_pos_6": 0.3993940842151642, "decode.loss_ce": 2.02641717672348, "decode.loss_lovasz": 0.8912396836280823, "time": 0.46576486110687254, "epoch": 1, "iter": 50, "memory": 4322, "step": 50}
{"lr": 0.0008, "data_time": 0.0026006841659545897, "loss": 22.443434677124024, "decode.loss_mask_0": 0.22518677935004233, "decode.loss_dice_0": 1.9059000754356383, "decode.loss_dice_pos_0": 0.37976944506168364, "decode.loss_cls_1": 0.0961113478243351, "decode.loss_mask_1": 0.2372632311284542, "decode.loss_dice_1": 1.992965955734253, "decode.loss_dice_pos_1": 0.39983671844005586, "decode.loss_cls_2": 0.09883086249232292, "decode.loss_mask_2": 0.5830428484082222, "decode.loss_dice_2": 1.9999999952316285, "decode.loss_dice_pos_2": 0.4000000047683716, "decode.loss_cls_3": 0.09887641653418541, "decode.loss_mask_3": 0.47437782064080236, "decode.loss_dice_3": 1.9973249292373658, "decode.loss_dice_pos_3": 0.3999944919347763, "decode.loss_cls_4": 0.09732028990983962, "decode.loss_mask_4": 0.5059949146211147, "decode.loss_dice_4": 1.9980122208595277, "decode.loss_dice_pos_4": 0.4000000047683716, "decode.loss_cls_5": 0.09887364536523818, "decode.loss_mask_5": 0.1664958791807294, "decode.loss_dice_5": 1.9831486940383911, "decode.loss_dice_pos_5": 0.39999988496303557, "decode.loss_cls_6": 0.09850048184394837, "decode.loss_mask_6": 0.5125555188953876, "decode.loss_dice_6": 1.9975660157203674, "decode.loss_dice_pos_6": 0.39999992072582247, "decode.loss_ce": 1.656174168586731, "decode.loss_lovasz": 0.8393136250972748, "time": 0.45889673233032224, "epoch": 1, "iter": 100, "memory": 4227, "step": 100}
{"lr": 0.0008, "data_time": 0.0024720335006713865, "loss": 21.666439628601076, "decode.loss_mask_0": 0.0575148443877697, "decode.loss_dice_0": 1.759336838722229, "decode.loss_dice_pos_0": 0.3648897981643677, "decode.loss_cls_1": 0.09521097555756569, "decode.loss_mask_1": 0.3850772727280855, "decode.loss_dice_1": 1.9956089162826538, "decode.loss_dice_pos_1": 0.3997169399261475, "decode.loss_cls_2": 0.10285599708557129, "decode.loss_mask_2": 0.5397903777658939, "decode.loss_dice_2": 1.9982049655914307, "decode.loss_dice_pos_2": 0.39807540476322173, "decode.loss_cls_3": 0.10304849147796631, "decode.loss_mask_3": 0.19768293920904398, "decode.loss_dice_3": 1.9892963552474976, "decode.loss_dice_pos_3": 0.39984620094299317, "decode.loss_cls_4": 0.10290610522031785, "decode.loss_mask_4": 0.4160525049269199, "decode.loss_dice_4": 1.9975300216674805, "decode.loss_dice_pos_4": 0.399998744726181, "decode.loss_cls_5": 0.10300790518522263, "decode.loss_mask_5": 0.303124415576458, "decode.loss_dice_5": 1.997923460006714, "decode.loss_dice_pos_5": 0.3999984455108643, "decode.loss_cls_6": 0.10344374611973763, "decode.loss_mask_6": 0.4115747132897377, "decode.loss_dice_6": 1.9982847571372986, "decode.loss_dice_pos_6": 0.39999999046325685, "decode.loss_ce": 1.445712651014328, "decode.loss_lovasz": 0.8007271945476532, "time": 0.43846868991851806, "epoch": 1, "iter": 150, "memory": 3891, "step": 150}
{"lr": 0.0008, "data_time": 0.0024741125106811524, "loss": 19.83148349761963, "decode.loss_mask_0": 0.04920864881947637, "decode.loss_dice_0": 1.700603084564209, "decode.loss_dice_pos_0": 0.36002162158489226, "decode.loss_cls_1": 0.09374077662825585, "decode.loss_mask_1": 0.06316269731149077, "decode.loss_dice_1": 1.9508982133865356, "decode.loss_dice_pos_1": 0.38269856452941897, "decode.loss_cls_2": 0.10160617649555206, "decode.loss_mask_2": 0.23779578525573014, "decode.loss_dice_2": 1.9904266428947448, "decode.loss_dice_pos_2": 0.3887038326263428, "decode.loss_cls_3": 0.1025174157321453, "decode.loss_mask_3": 0.09442767884582282, "decode.loss_dice_3": 1.9752996921539308, "decode.loss_dice_pos_3": 0.38805455088615415, "decode.loss_cls_4": 0.10094147965312004, "decode.loss_mask_4": 0.1344104540348053, "decode.loss_dice_4": 1.9918696451187134, "decode.loss_dice_pos_4": 0.39998648285865784, "decode.loss_cls_5": 0.10189431875944138, "decode.loss_mask_5": 0.11299811657518148, "decode.loss_dice_5": 1.9719045734405518, "decode.loss_dice_pos_5": 0.3904511606693268, "decode.loss_cls_6": 0.10174564987421036, "decode.loss_mask_6": 0.07775574520230294, "decode.loss_dice_6": 1.9706814312934875, "decode.loss_dice_pos_6": 0.392374153137207, "decode.loss_ce": 1.422035766839981, "decode.loss_lovasz": 0.7832697713375092, "time": 0.44972875595092776, "epoch": 1, "iter": 200, "memory": 3895, "step": 200}
{"lr": 0.0008, "data_time": 0.002457313537597656, "loss": 19.613948860168456, "decode.loss_mask_0": 0.0486640127748251, "decode.loss_dice_0": 1.6172444987297059, "decode.loss_dice_pos_0": 0.34943262696266175, "decode.loss_cls_1": 0.0918551406264305, "decode.loss_mask_1": 0.05291758362203836, "decode.loss_dice_1": 1.921042401790619, "decode.loss_dice_pos_1": 0.3772018378973007, "decode.loss_cls_2": 0.09868478924036025, "decode.loss_mask_2": 0.1070895553380251, "decode.loss_dice_2": 1.9861934161186219, "decode.loss_dice_pos_2": 0.3811729019880295, "decode.loss_cls_3": 0.0992139096558094, "decode.loss_mask_3": 0.04512583021074534, "decode.loss_dice_3": 1.9280991458892822, "decode.loss_dice_pos_3": 0.37511585652828217, "decode.loss_cls_4": 0.0993904159963131, "decode.loss_mask_4": 0.25717039484530685, "decode.loss_dice_4": 1.9932217621803283, "decode.loss_dice_pos_4": 0.39974035501480104, "decode.loss_cls_5": 0.0994521564245224, "decode.loss_mask_5": 0.1390777740254998, "decode.loss_dice_5": 1.982226493358612, "decode.loss_dice_pos_5": 0.38893215894699096, "decode.loss_cls_6": 0.09979701697826386, "decode.loss_mask_6": 0.20406404661014677, "decode.loss_dice_6": 1.9844163608551026, "decode.loss_dice_pos_6": 0.3941318762302399, "decode.loss_ce": 1.3273197627067566, "decode.loss_lovasz": 0.7659548437595367, "time": 0.4508787965774536, "epoch": 1, "iter": 250, "memory": 4312, "step": 250}
{"lr": 0.0008, "data_time": 0.0024571800231933593, "loss": 18.974971733093263, "decode.loss_mask_0": 0.058929086960852146, "decode.loss_dice_0": 1.6187301468849182, "decode.loss_dice_pos_0": 0.3534533876180649, "decode.loss_cls_1": 0.09497025325894355, "decode.loss_mask_1": 0.02736587275750935, "decode.loss_dice_1": 1.8318043851852417, "decode.loss_dice_pos_1": 0.37003722131252287, "decode.loss_cls_2": 0.10284032180905342, "decode.loss_mask_2": 0.06062620989978314, "decode.loss_dice_2": 1.9500106620788573, "decode.loss_dice_pos_2": 0.3812400484085083, "decode.loss_cls_3": 0.10476177334785461, "decode.loss_mask_3": 0.0324673717841506, "decode.loss_dice_3": 1.8969376611709594, "decode.loss_dice_pos_3": 0.37198628306388853, "decode.loss_cls_4": 0.10377791240811347, "decode.loss_mask_4": 0.14959403306245803, "decode.loss_dice_4": 1.9839128518104554, "decode.loss_dice_pos_4": 0.39999417304992674, "decode.loss_cls_5": 0.10455268129706383,