{"lr": 0.0008, "data_time": 0.00650087833404541, "loss": 34.56987537384033, "decode.loss_mask_0": 0.6766969302296638, "decode.loss_dice_0": 1.9673629713058471, "decode.loss_dice_pos_0": 0.3898498207330704, "decode.loss_cls_1": 0.2101721329987049, "decode.loss_mask_1": 2.0443607181310655, "decode.loss_dice_1": 1.9938869738578797, "decode.loss_dice_pos_1": 0.39913434386253355, "decode.loss_cls_2": 0.22688014283776284, "decode.loss_mask_2": 2.842890202999115, "decode.loss_dice_2": 1.9928722524642943, "decode.loss_dice_pos_2": 0.39859998524188994, "decode.loss_cls_3": 0.23872198835015296, "decode.loss_mask_3": 0.7667991490662098, "decode.loss_dice_3": 1.9902673649787903, "decode.loss_dice_pos_3": 0.3939136666059494, "decode.loss_cls_4": 0.22147949442267417, "decode.loss_mask_4": 3.085990466475487, "decode.loss_dice_4": 1.989574797153473, "decode.loss_dice_pos_4": 0.391389776468277, "decode.loss_cls_5": 0.20606878757476807, "decode.loss_mask_5": 2.4744177854061125, "decode.loss_dice_5": 1.9930669140815735, "decode.loss_dice_pos_5": 0.39550052642822264, "decode.loss_cls_6": 0.1998625813424587, "decode.loss_mask_6": 1.9961823503673077, "decode.loss_dice_6": 1.9932234334945678, "decode.loss_dice_pos_6": 0.391467809677124, "decode.loss_ce": 1.8102247834205627, "decode.loss_lovasz": 0.889017630815506, "time": 0.44398558139801025, "epoch": 1, "iter": 50, "memory": 3508, "step": 50}
{"lr": 0.0008, "data_time": 0.0023093938827514647, "loss": 23.467420921325683, "decode.loss_mask_0": 0.5524039196968079, "decode.loss_dice_0": 1.920142970085144, "decode.loss_dice_pos_0": 0.3827192813158035, "decode.loss_cls_1": 0.11467359289526939, "decode.loss_mask_1": 0.4041092006117106, "decode.loss_dice_1": 1.9940852737426757, "decode.loss_dice_pos_1": 0.4000000047683716, "decode.loss_cls_2": 0.11305711641907693, "decode.loss_mask_2": 0.6889622060954571, "decode.loss_dice_2": 1.9964142870903014, "decode.loss_dice_pos_2": 0.39977336704730987, "decode.loss_cls_3": 0.11359219625592232, "decode.loss_mask_3": 0.27716332729905846, "decode.loss_dice_3": 1.990324010848999, "decode.loss_dice_pos_3": 0.3768947023153305, "decode.loss_cls_4": 0.11445025488734245, "decode.loss_mask_4": 0.7425364519655705, "decode.loss_dice_4": 1.9999999952316285, "decode.loss_dice_pos_4": 0.3958569836616516, "decode.loss_cls_5": 0.11449428766965866, "decode.loss_mask_5": 0.7846722581982613, "decode.loss_dice_5": 1.9961168456077576, "decode.loss_dice_pos_5": 0.3984362018108368, "decode.loss_cls_6": 0.11475247830152512, "decode.loss_mask_6": 0.567528441697359, "decode.loss_dice_6": 1.9933219289779662, "decode.loss_dice_pos_6": 0.3757604205608368, "decode.loss_ce": 1.297516279220581, "decode.loss_lovasz": 0.8476631999015808, "time": 0.4359599208831787, "epoch": 1, "iter": 100, "memory": 3508, "step": 100}
{"lr": 0.0008, "data_time": 0.0022649335861206054, "loss": 20.928218269348143, "decode.loss_mask_0": 0.08277407296001911, "decode.loss_dice_0": 1.788418071269989, "decode.loss_dice_pos_0": 0.3745084291696548, "decode.loss_cls_1": 0.11127113342285157, "decode.loss_mask_1": 0.30600834093987944, "decode.loss_dice_1": 1.9926425480842591, "decode.loss_dice_pos_1": 0.3997023385763168, "decode.loss_cls_2": 0.11302283897995949, "decode.loss_mask_2": 0.2635855805128813, "decode.loss_dice_2": 1.988960633277893, "decode.loss_dice_pos_2": 0.38586962163448335, "decode.loss_cls_3": 0.11246983051300048, "decode.loss_mask_3": 0.3977452522143722, "decode.loss_dice_3": 1.9942531967163086, "decode.loss_dice_pos_3": 0.3774980491399765, "decode.loss_cls_4": 0.11292409628629685, "decode.loss_mask_4": 0.22421636760234834, "decode.loss_dice_4": 1.9952051997184754, "decode.loss_dice_pos_4": 0.37871505320072174, "decode.loss_cls_5": 0.11316134050488472, "decode.loss_mask_5": 0.23724682305008174, "decode.loss_dice_5": 1.9920653629302978, "decode.loss_dice_pos_5": 0.3802262943983078, "decode.loss_cls_6": 0.11322236686944961, "decode.loss_mask_6": 0.2429466495849192, "decode.loss_dice_6": 1.9842928314208985, "decode.loss_dice_pos_6": 0.37871476471424104, "decode.loss_ce": 1.2479627525806427, "decode.loss_lovasz": 0.8385882866382599, "time": 0.4243742036819458, "epoch": 1, "iter": 150, "memory": 3508, "step": 150}
{"lr": 0.0008, "data_time": 0.002179732322692871, "loss": 20.600251846313476, "decode.loss_mask_0": 0.07836226288229227, "decode.loss_dice_0": 1.7020909929275512, "decode.loss_dice_pos_0": 0.3647016751766205, "decode.loss_cls_1": 0.1087720738351345, "decode.loss_mask_1": 0.24420453056693078, "decode.loss_dice_1": 1.9856543159484863, "decode.loss_dice_pos_1": 0.39967269361019137, "decode.loss_cls_2": 0.11203045189380646, "decode.loss_mask_2": 0.1715078416094184, "decode.loss_dice_2": 1.9897860717773437, "decode.loss_dice_pos_2": 0.38000811338424684, "decode.loss_cls_3": 0.1115917880833149, "decode.loss_mask_3": 0.27985379334539173, "decode.loss_dice_3": 1.989062294960022, "decode.loss_dice_pos_3": 0.3787776631116867, "decode.loss_cls_4": 0.11322300136089325, "decode.loss_mask_4": 0.5149603136628866, "decode.loss_dice_4": 1.996531744003296, "decode.loss_dice_pos_4": 0.3845994871854782, "decode.loss_cls_5": 0.11304413169622421, "decode.loss_mask_5": 0.30506033658981324, "decode.loss_dice_5": 1.9954270696640015, "decode.loss_dice_pos_5": 0.381128808259964, "decode.loss_cls_6": 0.11228514045476913, "decode.loss_mask_6": 0.11778244700282813, "decode.loss_dice_6": 1.9761199951171875, "decode.loss_dice_pos_6": 0.378549137711525, "decode.loss_ce": 1.106593940258026, "decode.loss_lovasz": 0.8088697564601898, "time": 0.4317439365386963, "epoch": 1, "iter": 200, "memory": 3510, "step": 200}
{"lr": 0.0008, "data_time": 0.0022379398345947266, "loss": 19.55704460144043, "decode.loss_mask_0": 0.05408111238852143, "decode.loss_dice_0": 1.6120840978622437, "decode.loss_dice_pos_0": 0.3544048976898193, "decode.loss_cls_1": 0.10567287638783456, "decode.loss_mask_1": 0.12995743149891495, "decode.loss_dice_1": 1.9376101803779602, "decode.loss_dice_pos_1": 0.383932164311409, "decode.loss_cls_2": 0.10861423760652542, "decode.loss_mask_2": 0.14823164664208888, "decode.loss_dice_2": 1.9353429174423218, "decode.loss_dice_pos_2": 0.38089887499809266, "decode.loss_cls_3": 0.10969412922859192, "decode.loss_mask_3": 0.12630731217563151, "decode.loss_dice_3": 1.9885572957992554, "decode.loss_dice_pos_3": 0.37827569246292114, "decode.loss_cls_4": 0.1109988296031952, "decode.loss_mask_4": 0.11836614632979035, "decode.loss_dice_4": 1.9679993104934692, "decode.loss_dice_pos_4": 0.3782756870985031, "decode.loss_cls_5": 0.1102797555923462, "decode.loss_mask_5": 0.15589395686984062, "decode.loss_dice_5": 1.9658438491821288, "decode.loss_dice_pos_5": 0.3784324449300766, "decode.loss_cls_6": 0.11025194093585014, "decode.loss_mask_6": 0.24334629241377115, "decode.loss_dice_6": 1.9926982164382934, "decode.loss_dice_pos_6": 0.37827568769454956, "decode.loss_ce": 1.0885394036769866, "decode.loss_lovasz": 0.8041782343387603, "time": 0.42081733703613283, "epoch": 1, "iter": 250, "memory": 3506, "step": 250}
{"lr": 0.0008, "data_time": 0.002174410820007324, "loss": 20.071295852661134, "decode.loss_mask_0": 0.05947422450408339, "decode.loss_dice_0": 1.6102520990371705, "decode.loss_dice_pos_0": 0.3555635821819305, "decode.loss_cls_1": 0.1063348676264286, "decode.loss_mask_1": 0.16475161504000424, "decode.loss_dice_1": 1.9284329724311828, "decode.loss_dice_pos_1": 0.38595192193984984, "decode.loss_cls_2": 0.11269050642848015, "decode.loss_mask_2": 0.5664966405928135, "decode.loss_dice_2": 1.9999999952316285, "decode.loss_dice_pos_2": 0.3930999702215195, "decode.loss_cls_3": 0.1113502787053585, "decode.loss_mask_3": 0.11681539312005043, "decode.loss_dice_3": 1.9478792572021484, "decode.loss_dice_pos_3": 0.3762764686346054, "decode.loss_cls_4": 0.11351683259010314, "decode.loss_mask_4": 0.16331409756094217, "decode.loss_dice_4": 1.9718177556991576, "decode.loss_dice_pos_4": 0.3762765097618103, "decode.loss_cls_5": 0.11171360433101654, "decode.loss_mask_5": 0.332751999180764,