{"lr": 0.0008, "data_time": 0.015303964614868165, "loss": 34.11597957611084, "decode.loss_mask_0": 0.6602495168149471, "decode.loss_dice_0": 1.954633388519287, "decode.loss_dice_pos_0": 0.3779818844795227, "decode.loss_cls_1": 0.22413253329694272, "decode.loss_mask_1": 2.627184358090162, "decode.loss_dice_1": 1.989852592945099, "decode.loss_dice_pos_1": 0.3964469826221466, "decode.loss_cls_2": 0.2591069307923317, "decode.loss_mask_2": 1.3298765113949775, "decode.loss_dice_2": 1.9901948356628418, "decode.loss_dice_pos_2": 0.397805945277214, "decode.loss_cls_3": 0.29399459429085256, "decode.loss_mask_3": 1.6782217365503311, "decode.loss_dice_3": 1.9866006207466125, "decode.loss_dice_pos_3": 0.3942518401145935, "decode.loss_cls_4": 0.29327399291098116, "decode.loss_mask_4": 2.254259108901024, "decode.loss_dice_4": 1.9918837904930116, "decode.loss_dice_pos_4": 0.39894846379756926, "decode.loss_cls_5": 0.1782390657067299, "decode.loss_mask_5": 1.1544400171935558, "decode.loss_dice_5": 1.9879150676727295, "decode.loss_dice_pos_5": 0.3885764902830124, "decode.loss_cls_6": 0.19980496264994144, "decode.loss_mask_6": 3.5165433365106584, "decode.loss_dice_6": 1.9924299478530885, "decode.loss_dice_pos_6": 0.398324721455574, "decode.loss_ce": 1.8904250502586364, "decode.loss_lovasz": 0.9103815174102783, "time": 0.6794643259048462, "epoch": 1, "iter": 50, "memory": 6317, "step": 50}
