{"pq": 0.6263132643752721, "pq_dagger": 0.6625360746766195, "sq_mean": 0.7617597307772883, "rq_mean": 0.7241331546026405, "miou": 0.6677056317152873, "pq_stuff": 0.5773100996524548, "rq_stuff": 0.7056549990642131, "sq_stuff": 0.7279433826446309, "pq_things": 0.6936926158691458, "rq_things": 0.7495406184679778, "sq_things": 0.8082572094596923, "data_time": 0.008915401740789823, "time": 0.21222571769120271}