{"lr": 0.0008, "data_time": 0.06589573860168457, "loss": 33.96520206451416, "decode.loss_mask_0": 0.5205547367036343, "decode.loss_dice_0": 1.927082395553589, "decode.loss_dice_pos_0": 0.3746541619300842, "decode.loss_cls_1": 0.15991777896881104, "decode.loss_mask_1": 1.9843425269424915, "decode.loss_dice_1": 1.9897143507003785, "decode.loss_dice_pos_1": 0.3954899561405182, "decode.loss_cls_2": 0.17488919131457806, "decode.loss_mask_2": 2.3428371086716653, "decode.loss_dice_2": 1.9953811144828797, "decode.loss_dice_pos_2": 0.39923635303974153, "decode.loss_cls_3": 0.15329632222652434, "decode.loss_mask_3": 1.4991284036636352, "decode.loss_dice_3": 1.9936226511001587, "decode.loss_dice_pos_3": 0.3975706094503403, "decode.loss_cls_4": 0.15861148573458195, "decode.loss_mask_4": 1.2685266844183207, "decode.loss_dice_4": 1.9793805027008056, "decode.loss_dice_pos_4": 0.3938398337364197, "decode.loss_cls_5": 0.16724090285599233, "decode.loss_mask_5": 3.6028199583292007, "decode.loss_dice_5": 1.9884988832473756, "decode.loss_dice_pos_5": 0.39594414830207825, "decode.loss_cls_6": 0.15443299062550067, "decode.loss_mask_6": 2.2346795746684074, "decode.loss_dice_6": 1.987570457458496, "decode.loss_dice_pos_6": 0.39769167006015776, "decode.loss_ce": 2.020209774971008, "decode.loss_lovasz": 0.9080382096767425, "time": 2.5104330921173097, "epoch": 1, "iter": 50, "memory": 6466, "step": 50}
{"lr": 0.0008, "data_time": 0.003818564414978027, "loss": 23.90861660003662, "decode.loss_mask_0": 0.1808276129513979, "decode.loss_dice_0": 1.8418130159378052, "decode.loss_dice_pos_0": 0.356112596988678, "decode.loss_cls_1": 0.07627303138375283, "decode.loss_mask_1": 0.9373275656253099, "decode.loss_dice_1": 1.9953200840950012, "decode.loss_dice_pos_1": 0.39449671864509583, "decode.loss_cls_2": 0.08087022505700588, "decode.loss_mask_2": 0.5173677583783864, "decode.loss_dice_2": 1.986716947555542, "decode.loss_dice_pos_2": 0.3999992662668228, "decode.loss_cls_3": 0.08348096042871475, "decode.loss_mask_3": 0.5639240296185016, "decode.loss_dice_3": 1.9846138596534728, "decode.loss_dice_pos_3": 0.3815083867311478, "decode.loss_cls_4": 0.0823293835669756, "decode.loss_mask_4": 0.6277010296285153, "decode.loss_dice_4": 1.97846586227417, "decode.loss_dice_pos_4": 0.3813485014438629, "decode.loss_cls_5": 0.07840653635561466, "decode.loss_mask_5": 0.7961250894516706, "decode.loss_dice_5": 1.9953206610679626, "decode.loss_dice_pos_5": 0.3908617609739304, "decode.loss_cls_6": 0.07966495342552662, "decode.loss_mask_6": 0.8160847669094801, "decode.loss_dice_6": 1.9932819247245788, "decode.loss_dice_pos_6": 0.3982651948928833, "decode.loss_ce": 1.6289246034622193, "decode.loss_lovasz": 0.8811849403381348, "time": 0.6563629245758057, "epoch": 1, "iter": 100, "memory": 6811, "step": 100}
