{"lr": 0.0008, "data_time": 0.029605135917663575, "loss": 37.85801330566406, "decode.loss_mask_0": 1.606655492335558, "decode.loss_dice_0": 1.9589786887168885, "decode.loss_dice_pos_0": 0.3899512904882431, "decode.loss_cls_1": 0.2967460037767887, "decode.loss_mask_1": 1.167861649543047, "decode.loss_dice_1": 1.988930459022522, "decode.loss_dice_pos_1": 0.3976685309410095, "decode.loss_cls_2": 0.1554261939227581, "decode.loss_mask_2": 3.285032573491335, "decode.loss_dice_2": 1.9838869380950928, "decode.loss_dice_pos_2": 0.3972648525238037, "decode.loss_cls_3": 0.19098506800830364, "decode.loss_mask_3": 2.4769550986588, "decode.loss_dice_3": 1.9928729724884033, "decode.loss_dice_pos_3": 0.39783395528793336, "decode.loss_cls_4": 0.23798614263534545, "decode.loss_mask_4": 4.013027390539646, "decode.loss_dice_4": 1.9859822654724122, "decode.loss_dice_pos_4": 0.39746925711631775, "decode.loss_cls_5": 0.17519045904278754, "decode.loss_mask_5": 2.1777719780802727, "decode.loss_dice_5": 1.9880572152137757, "decode.loss_dice_pos_5": 0.3987983441352844, "decode.loss_cls_6": 0.16405624978244304, "decode.loss_mask_6": 2.386482809782028, "decode.loss_dice_6": 1.9828397560119628, "decode.loss_dice_pos_6": 0.3893263018131256, "decode.loss_ce": 1.968625247478485, "decode.loss_lovasz": 0.9053509974479675, "time": 0.7346255445480346, "epoch": 1, "iter": 50, "memory": 7060, "step": 50}
