{"lr": 0.0008, "data_time": 0.009164118766784668, "loss": 35.89391036987305, "decode.loss_mask_0": 1.3519875894486904, "decode.loss_dice_0": 1.9408999824523925, "decode.loss_dice_pos_0": 0.3857520818710327, "decode.loss_cls_1": 0.1387480326741934, "decode.loss_mask_1": 2.3086556366086004, "decode.loss_dice_1": 1.9921365404129028, "decode.loss_dice_pos_1": 0.3966338288784027, "decode.loss_cls_2": 0.18358956418931485, "decode.loss_mask_2": 1.3467665783315896, "decode.loss_dice_2": 1.9879069018363953, "decode.loss_dice_pos_2": 0.3981208038330078, "decode.loss_cls_3": 0.18422026254236698, "decode.loss_mask_3": 3.6150120869278908, "decode.loss_dice_3": 1.9876435589790344, "decode.loss_dice_pos_3": 0.3964687728881836, "decode.loss_cls_4": 0.18141647204756736, "decode.loss_mask_4": 2.2325879630446432, "decode.loss_dice_4": 1.9880648827552796, "decode.loss_dice_pos_4": 0.3985964941978455, "decode.loss_cls_5": 0.17068699531257153, "decode.loss_mask_5": 2.243220347762108, "decode.loss_dice_5": 1.9914123368263246, "decode.loss_dice_pos_5": 0.3940344297885895, "decode.loss_cls_6": 0.1383968648314476, "decode.loss_mask_6": 2.377088963389397, "decode.loss_dice_6": 1.9933918070793153, "decode.loss_dice_pos_6": 0.39805163085460665, "decode.loss_ce": 1.8787807989120484, "decode.loss_lovasz": 0.893639200925827, "time": 0.6492227268218994, "epoch": 1, "iter": 50, "memory": 6025, "step": 50}
{"lr": 0.0008, "data_time": 0.0029817485809326173, "loss": 23.75240261077881, "decode.loss_mask_0": 0.3175801865011454, "decode.loss_dice_0": 1.8694732284545899, "decode.loss_dice_pos_0": 0.37138230323791505, "decode.loss_cls_1": 0.08066233418881893, "decode.loss_mask_1": 0.5010227746516466, "decode.loss_dice_1": 1.9914945268630981, "decode.loss_dice_pos_1": 0.37865112721920013, "decode.loss_cls_2": 0.08057708226144314, "decode.loss_mask_2": 0.662989716976881, "decode.loss_dice_2": 1.9978474521636962, "decode.loss_dice_pos_2": 0.39658346712589265, "decode.loss_cls_3": 0.0800669676810503, "decode.loss_mask_3": 0.6600505282729864, "decode.loss_dice_3": 1.9873122453689576, "decode.loss_dice_pos_3": 0.38060975074768066, "decode.loss_cls_4": 0.0813133692741394, "decode.loss_mask_4": 0.7339011695235967, "decode.loss_dice_4": 1.9965130138397216, "decode.loss_dice_pos_4": 0.3909689462184906, "decode.loss_cls_5": 0.08125587917864323, "decode.loss_mask_5": 0.6446948257833719, "decode.loss_dice_5": 1.9921660208702088, "decode.loss_dice_pos_5": 0.3798001432418823, "decode.loss_cls_6": 0.08092011660337448, "decode.loss_mask_6": 0.826373430415988, "decode.loss_dice_6": 1.994669497013092, "decode.loss_dice_pos_6": 0.38895243704319, "decode.loss_ce": 1.5464682078361511, "decode.loss_lovasz": 0.8581030201911927, "time": 0.6488371419906617, "epoch": 1, "iter": 100, "memory": 6634, "step": 100}
{"lr": 0.0008, "data_time": 0.002912721633911133, "loss": 20.4619079208374, "decode.loss_mask_0": 0.1272945336252451, "decode.loss_dice_0": 1.7163416695594789, "decode.loss_dice_pos_0": 0.35785705924034117, "decode.loss_cls_1": 0.07507469907402992, "decode.loss_mask_1": 0.1687991789355874, "decode.loss_dice_1": 1.9403936266899109, "decode.loss_dice_pos_1": 0.3645126128196716, "decode.loss_cls_2": 0.07475418768823147, "decode.loss_mask_2": 0.40015664249658583, "decode.loss_dice_2": 1.9797041749954223, "decode.loss_dice_pos_2": 0.38007477462291717, "decode.loss_cls_3": 0.07379785932600498, "decode.loss_mask_3": 0.24502200111746789, "decode.loss_dice_3": 1.9903531527519227, "decode.loss_dice_pos_3": 0.3619785499572754, "decode.loss_cls_4": 0.0763041277974844, "decode.loss_mask_4": 0.19517861928790808, "decode.loss_dice_4": 1.977717728614807, "decode.loss_dice_pos_4": 0.361186558008194, "decode.loss_cls_5": 0.0743496572971344, "decode.loss_mask_5": 0.2783182115852833, "decode.loss_dice_5": 1.9646448373794556, "decode.loss_dice_pos_5": 0.36258584320545195, "decode.loss_cls_6": 0.07422864578664302, "decode.loss_mask_6": 0.3075493923574686, "decode.loss_dice_6": 1.9861764693260193, "decode.loss_dice_pos_6": 0.36876254141330717, "decode.loss_ce": 1.342082622051239, "decode.loss_lovasz": 0.8367077207565308, "time": 0.6168106126785279, "epoch": 1, "iter": 150, "memory": 5806, "step": 150}
